{
    "episode_step": [
        500.0,
        500.0,
        500.0,
        500.0,
        500.0,
        500.0,
        500.0,
        500.0,
        500.0,
        500.0,
        500.0,
        500.0,
        500.0,
        500.0,
        500.0,
        500.0,
        500.0,
        500.0,
        500.0,
        500.0,
        492.6,
        485.8,
        356.6666666666667,
        500.0,
        500.0,
        487.0,
        500.0
    ],
    "episode_step_T": [
        4601,
        11359,
        16164,
        19656,
        21547,
        23275,
        27174,
        28700,
        34914,
        38438,
        40498,
        42522,
        44571,
        46099,
        48671,
        51865,
        53882,
        55400,
        56945,
        58954,
        61611,
        64156,
        65355,
        67383,
        69386,
        72920,
        74991
    ],
    "loss": [
        0.01569194594048895,
        0.01279921253444627,
        0.011826967203523964,
        0.011545176812796853,
        0.014288560836575925,
        0.013718922535190359,
        0.013437976449495181,
        0.013596306002000347,
        0.015694784611696377,
        0.015589066781103611,
        0.01597338959982153,
        0.018273121493014816,
        0.01811914181598695,
        0.01883470657048747,
        0.01737241222290322,
        0.020169190893648194,
        0.021285618233378045,
        0.021960820711683482,
        0.022033590930125985,
        0.02236903399170842,
        0.024646465777186675,
        0.026303167396690696,
        0.05447983867876852,
        0.12849163521605078,
        0.10692584546632133,
        0.11520233781193383,
        0.09927538769261446
    ],
    "loss_T": [
        4601,
        11359,
        16164,
        19656,
        21547,
        23275,
        27174,
        28700,
        34914,
        38438,
        40498,
        42522,
        44571,
        46099,
        48671,
        51865,
        53882,
        55400,
        56945,
        58954,
        61611,
        64156,
        65355,
        67383,
        69386,
        72920,
        74991
    ],
    "episode_return": [
        6.064691166376178,
        11.65015234223165,
        7.913439522671979,
        10.952992079851992,
        9.16961903474718,
        6.603501230092661,
        6.509226919419518,
        14.327550569560117,
        11.617539898199174,
        10.759185215470097,
        14.065475135563702,
        17.67163227785568,
        18.89359272980164,
        18.912856595238736,
        13.76365408903439,
        18.854571461417073,
        24.288074471441178,
        14.307425697316111,
        25.234795366425562,
        23.42102714298835,
        20.69705818611128,
        29.2465848824957,
        22.198619775999152,
        17.3736130025668,
        11.954625393868355,
        25.516951363302724,
        22.49223701832352
    ],
    "episode_return_T": [
        4601,
        11359,
        16164,
        19656,
        21547,
        23275,
        27174,
        28700,
        34914,
        38438,
        40498,
        42522,
        44571,
        46099,
        48671,
        51865,
        53882,
        55400,
        56945,
        58954,
        61611,
        64156,
        65355,
        67383,
        69386,
        72920,
        74991
    ]
}